pair_id,label,mode,case_id,n_users,n_interactions,elapsed_s,n_data_steps,obs_peak,sim_peak,peak_ratio,obs_peak_step,sim_peak_step,peak_step_error,train_nrmse,val_nrmse,mae,obs_auc,sim_auc,auc_ratio,baseline_persistence_nrmse,baseline_exp_decay_nrmse,baseline_pulse_decay_nrmse,seed_peak_cv,sim_mean_peak,sim_std_peak
pair_01,fake,broadcast,26f247cc05fd53e12daa91c98e7feab8,642,684,0,8,236.0,21.0,0.088983,1,5,4,0.595208,0.544369,76.1,625.0,105.8,0.16928,0.428878,0.502147,0.3822,nan,21.0,4.5
pair_01,real,broadcast,cf5522f51f8be6859840b0b948bb813c,704,1089,0,7,681.0,26.2,0.038473,1,6,5,0.445182,12.301626,111.714286,697.5,94.0,0.134767,0.526302,0.370748,0.369247,nan,27.0,4.6
pair_01,fake,cumulative,26f247cc05fd53e12daa91c98e7feab8,642,684,0,8,236.0,34.6,0.14661,1,3,2,0.574095,0.714826,72.95,625.0,165.4,0.26464,0.428878,0.502147,0.3822,nan,34.6,14.7
pair_01,real,cumulative,cf5522f51f8be6859840b0b948bb813c,704,1089,0,7,681.0,56.2,0.082526,1,4,3,0.447299,25.225483,132.742857,697.5,232.5,0.333333,0.526302,0.370748,0.369247,nan,56.2,22.4
pair_02,fake,broadcast,f983d8f70e265ec265acd9ea93e9b10d,124,136,0,6,77.0,4.2,0.054545,1,5,4,0.52245,1.529706,18.966667,123.0,14.6,0.118699,0.503049,0.380863,6.177924,nan,4.2,1.7
pair_02,real,broadcast,d293a73970751898b5d83f5525a15fcc,223,425,0,6,184.0,7.0,0.038043,1,5,4,0.513323,2.404163,35.3,214.5,20.4,0.095105,0.545751,0.360295,1.037049,nan,8.2,2.4
pair_02,fake,cumulative,f983d8f70e265ec265acd9ea93e9b10d,124,136,0,6,77.0,6.4,0.083117,1,3,2,0.515741,3.931921,18.933333,123.0,23.3,0.189431,0.503049,0.380863,6.177924,nan,6.6,2.5
pair_02,real,cumulative,d293a73970751898b5d83f5525a15fcc,223,425,0,6,184.0,19.0,0.103261,1,4,3,0.511606,12.003333,40.8,214.5,63.7,0.29697,0.545751,0.360295,1.037049,nan,19.0,6.8
pair_03,fake,broadcast,68665bf53973dea5036336fcc5dc9eea,365,387,0,13,188.0,11.6,0.061702,2,6,4,0.384289,4.230839,31.538462,365.5,104.9,0.287004,0.291502,0.331443,0.32634,nan,11.6,1.5
pair_03,real,broadcast,97bdff4a4098a06dc2b2597b514b2df3,434,876,0,21,417.0,15.8,0.03789,1,6,5,0.256493,9.305196,28.8,435.0,212.5,0.488506,0.306034,0.218265,0.218164,nan,15.8,2.1
pair_03,fake,cumulative,68665bf53973dea5036336fcc5dc9eea,365,387,0,13,188.0,21.0,0.111702,2,5,3,0.379172,6.544081,35.246154,365.5,171.9,0.470315,0.291502,0.331443,0.32634,nan,21.0,11.0
pair_03,real,cumulative,97bdff4a4098a06dc2b2597b514b2df3,434,876,0,21,417.0,33.0,0.079137,1,3,2,0.260117,13.397015,37.009524,435.0,382.0,0.878161,0.306034,0.218265,0.218164,nan,33.0,6.7
pair_04,fake,broadcast,7cfe610e01dafc496143664a1a8cf87d,126,155,0,7,119.0,4.8,0.040336,1,6,5,0.440788,1.077033,18.657143,124.0,19.3,0.155645,0.527895,0.37399,0.368752,nan,4.8,1.2
pair_04,real,broadcast,9a74296ad4c231241c1ac6057c08bbcb,252,386,0,6,229.0,9.2,0.040175,1,5,4,0.497459,7.021396,43.8,245.0,27.3,0.111429,0.552283,0.378398,0.328521,nan,10.0,1.1
pair_04,fake,cumulative,7cfe610e01dafc496143664a1a8cf87d,126,155,0,7,119.0,13.8,0.115966,1,3,2,0.445561,1.925848,22.6,124.0,46.3,0.373387,0.527895,0.37399,0.368752,nan,13.8,3.3
pair_04,real,cumulative,9a74296ad4c231241c1ac6057c08bbcb,252,386,0,6,229.0,21.8,0.095197,1,4,3,0.496398,17.808425,50.166667,245.0,64.9,0.264898,0.552283,0.378398,0.328521,nan,21.8,9.5
pair_05,fake,broadcast,afc5ba429bc79086f05d6798e4ed978a,206,221,0,11,147.0,8.4,0.057143,2,6,4,0.369208,5.572552,22.309091,206.0,53.8,0.261165,0.370074,0.322981,0.322053,nan,8.4,1.0
pair_05,real,broadcast,619f582e27e736ebc4c5def47f954535,344,535,0,14,321.0,13.2,0.041121,1,7,6,0.315106,8.751,31.671429,338.0,117.1,0.34645,0.366311,0.267563,0.267351,nan,13.2,2.8
pair_05,fake,cumulative,afc5ba429bc79086f05d6798e4ed978a,206,221,0,11,147.0,14.8,0.10068,2,4,2,0.367995,7.325754,25.290909,206.0,91.2,0.442718,0.370074,0.322981,0.322053,nan,14.8,4.6
pair_05,real,cumulative,619f582e27e736ebc4c5def47f954535,344,535,0,14,321.0,29.8,0.092835,1,4,3,0.318352,12.551494,39.5,338.0,228.1,0.674852,0.366311,0.267563,0.267351,nan,29.8,8.1
pair_06,fake,broadcast,25d9ed3994c2d5f030b864867facab47,183,187,0,8,173.0,6.2,0.035838,1,7,6,0.444891,5.479659,24.625,182.0,31.2,0.171429,0.491414,0.347453,0.281628,nan,6.2,1.7
pair_06,real,broadcast,f030f59e7579dcda946ab8a3bd2733c6,259,499,0,9,243.0,9.0,0.037037,1,7,6,0.402759,7.143295,30.377778,260.0,51.1,0.196538,0.467625,0.326156,0.291031,nan,9.0,4.2
pair_06,fake,cumulative,25d9ed3994c2d5f030b864867facab47,183,187,0,8,173.0,15.6,0.090173,1,4,3,0.447761,11.862546,29.875,182.0,75.0,0.412088,0.491414,0.347453,0.281628,nan,15.6,6.0
pair_06,real,cumulative,f030f59e7579dcda946ab8a3bd2733c6,259,499,0,9,243.0,21.8,0.089712,1,3,2,0.40575,14.153445,38.0,260.0,116.0,0.446154,0.467625,0.326156,0.291031,nan,21.8,3.2
pair_07,fake,broadcast,b4a497151507853058c8c50b6c6670f5,338,355,0,9,265.0,16.0,0.060377,1,6,5,0.416472,11.32843,44.066667,337.0,78.0,0.231454,0.422132,0.344533,0.343805,nan,16.0,5.6
pair_07,real,broadcast,6f2b7e632c64ba5835164abe2f1ab28e,444,736,0,10,381.0,16.0,0.041995,1,7,6,0.378196,6.540642,48.46,437.5,100.2,0.229029,0.4234,0.36491,0.105923,nan,16.0,4.3
pair_07,fake,cumulative,b4a497151507853058c8c50b6c6670f5,338,355,0,9,265.0,23.0,0.086792,1,4,3,0.416489,15.039504,47.377778,337.0,118.6,0.351929,0.422132,0.344533,0.343805,nan,23.0,5.8
pair_07,real,cumulative,6f2b7e632c64ba5835164abe2f1ab28e,444,736,0,10,381.0,27.4,0.071916,1,4,3,0.377255,8.003541,51.72,437.5,172.6,0.394514,0.4234,0.36491,0.105923,nan,27.4,14.7
pair_08,fake,broadcast,b9801872032a3bee629f6559bbf503ba,142,159,0,8,133.0,4.6,0.034586,1,4,3,0.443693,3.471791,19.15,141.0,21.8,0.15461,0.487216,0.352454,0.350017,nan,4.8,1.2
pair_08,real,broadcast,3b7e48be19979f9df3a146e2d0277c58,237,461,0,11,222.0,10.4,0.046847,1,5,4,0.351514,6.796077,26.163636,234.5,69.6,0.296802,0.414924,0.299247,0.298915,nan,10.4,4.0
pair_08,fake,cumulative,b9801872032a3bee629f6559bbf503ba,142,159,0,8,133.0,10.2,0.076692,1,3,2,0.445462,7.815369,21.85,141.0,49.4,0.350355,0.487216,0.352454,0.350017,nan,10.2,6.3
pair_08,real,cumulative,3b7e48be19979f9df3a146e2d0277c58,237,461,0,11,222.0,16.2,0.072973,1,4,3,0.352393,9.296594,30.0,234.5,113.2,0.482729,0.414924,0.299247,0.298915,nan,16.2,7.2
pair_09,fake,broadcast,dfb9f2af5bb9b16ba717b91d6be5fa2f,136,143,0,8,131.0,4.6,0.035115,1,4,3,0.440744,1.545962,18.175,134.5,20.9,0.15539,0.494337,0.353336,0.35073,nan,4.6,1.9
pair_09,real,broadcast,100536e843cd4e307e1a2865b28b1f05,226,374,0,9,219.0,8.6,0.039269,1,5,4,0.405787,6.297089,28.422222,226.5,40.3,0.177925,0.463927,0.331993,0.330409,nan,8.6,1.9
pair_09,fake,cumulative,dfb9f2af5bb9b16ba717b91d6be5fa2f,136,143,0,8,131.0,9.6,0.073282,1,3,2,0.443048,3.842308,21.925,134.5,49.2,0.365799,0.494337,0.353336,0.35073,nan,9.6,7.8
pair_09,real,cumulative,100536e843cd4e307e1a2865b28b1f05,226,374,0,9,219.0,20.6,0.094064,1,4,3,0.410203,13.784532,35.955556,226.5,108.7,0.479912,0.463927,0.331993,0.330409,nan,20.6,11.1
pair_10,fake,broadcast,3dac58ea8cfef832bde25278a699fd45,151,158,0,6,145.0,7.4,0.051034,1,4,3,0.499335,3.043846,26.3,149.5,17.5,0.117057,0.573431,0.401905,0.402456,nan,7.4,1.0
pair_10,real,broadcast,22c6a11c223c838fa933b5b4af777fcc,261,410,0,8,236.0,8.8,0.037288,1,5,4,0.447787,3.176476,33.85,262.5,39.7,0.151238,0.485463,0.327238,0.895445,nan,8.8,2.6
pair_10,fake,cumulative,3dac58ea8cfef832bde25278a699fd45,151,158,0,6,145.0,9.2,0.063448,1,4,3,0.499959,3.636619,28.0,149.5,27.6,0.184615,0.573431,0.401905,0.402456,nan,9.2,3.1
pair_10,real,cumulative,22c6a11c223c838fa933b5b4af777fcc,261,410,0,8,236.0,15.8,0.066949,1,4,3,0.447006,5.423713,37.45,262.5,74.7,0.284571,0.485463,0.327238,0.895445,nan,15.8,7.8
